{
  "project_info": {
    "project_number": "638548365588",
    "firebase_url": "https://location-tracker-f91b4.firebaseio.com",
    "project_id": "location-tracker-f91b4",
    "storage_bucket": "location-tracker-f91b4.appspot.com"
  },
  "client": [
    {
      "client_info": {
        "mobilesdk_app_id": "1:638548365588:android:87edee06e7c336f1537201",
        "android_client_info": {
          "package_name": "com.example.smartlocation"
        }
      },
      "oauth_client": [
        {
          "client_id": "638548365588-michpobc9g59qp0cak2d4u67e2lifsrv.apps.googleusercontent.com",
          "client_type": 1,
          "android_info": {
            "package_name": "com.example.smartlocation",
            "certificate_hash": "29d3bb36df6bdff3fabe6bf2887f60e1d2e6a992"
          }
        },
        {
          "client_id": "638548365588-fhgd2bf7hf6enqi4sej7rgaf3vb0gvf3.apps.googleusercontent.com",
          "client_type": 3
        }
      ],
      "api_key": [
        {
          "current_key": "AIzaSyBTf3sZN9DFRdNayewvXgTc3gmbwH1BbbA"
        }
      ],
      "services": {
        "appinvite_service": {
          "other_platform_oauth_client": [
            {
              "client_id": "638548365588-fhgd2bf7hf6enqi4sej7rgaf3vb0gvf3.apps.googleusercontent.com",
              "client_type": 3
            }
          ]
        }
      }
    }
  ],
  "configuration_version": "1"
}